key,ar,bn,de,el,en,es,fa,fr,he,hi,hu,id,it,ja,ko,ms,my,nl,pl,pt,ro,ru,sr,th,tr,uk,vi,zh-CN,zh
app_desc,"حوّل هاتفك إلى عداد ذكي لحركة المرور. يستخدم Piyuo Counter الذكاء الاصطناعي على الجهاز لعد الأشخاص والمركبات مع الحفاظ على الخصوصية. بدلاً من حفظ مقاطع الفيديو، ينشئ ملخصات سهلة الفهم لحركة المرور، تشمل عدد المارين، والدخول، والخروج، والإشغال، ومتوسط مدة البقاء. لا تغادر مقاطع الفيديو أو الصور أو الصوت جهازك أبدًا.","আপনার ফোনকে একটি স্মার্ট ট্রাফিক কাউন্টারে পরিণত করুন। Piyuo Counter ডিভাইসে চলা AI ব্যবহার করে গোপনীয়তা রক্ষা করে মানুষ ও যানবাহন গণনা করে। ভিডিও সংরক্ষণের বদলে এটি সহজে বোঝা যায় এমন ট্রাফিক সারাংশ তৈরি করে, যেমন পথচারী, প্রবেশ, প্রস্থান, উপস্থিতি এবং গড় অবস্থানের সময়। ভিডিও, ছবি বা অডিও কখনও আপনার ডিভাইস ছেড়ে যায় না।","Verwandeln Sie Ihr Smartphone in einen intelligenten Verkehrszähler. Piyuo Counter nutzt KI direkt auf dem Gerät, um Personen und Fahrzeuge datenschutzfreundlich zu zählen. Statt Videos zu speichern, erstellt die App leicht verständliche Verkehrsübersichten mit Vorbeigängen, Eintritten, Austritten, Belegung und durchschnittlicher Aufenthaltsdauer. Videos, Bilder und Audiodaten verlassen Ihr Gerät niemals.","Μετατρέψτε το τηλέφωνό σας σε έναν έξυπνο μετρητή κίνησης. Το Piyuo Counter χρησιμοποιεί τεχνητή νοημοσύνη στη συσκευή για να μετρά άτομα και οχήματα προστατεύοντας την ιδιωτικότητα. Αντί να αποθηκεύει βίντεο, δημιουργεί εύκολες στην κατανόηση περιλήψεις κίνησης με διελεύσεις, εισόδους, εξόδους, πληρότητα και μέσο χρόνο παραμονής. Βίντεο, εικόνες και ήχος δεν φεύγουν ποτέ από τη συσκευή σας.","Turn your phone into a smart traffic counter. Piyuo Counter uses on-device AI to count people and vehicles while protecting privacy. Instead of storing videos, it creates easy-to-understand traffic summaries, including pass-bys, entries, exits, occupancy, and average stay time. Videos, images, and audio never leave your device.","Convierte tu teléfono en un contador inteligente de tráfico. Piyuo Counter utiliza IA en el dispositivo para contar personas y vehículos protegiendo la privacidad. En lugar de guardar videos, crea resúmenes fáciles de entender con personas que pasan, entradas, salidas, ocupación y tiempo medio de permanencia. Los videos, las imágenes y el audio nunca salen de tu dispositivo.","گوشی خود را به یک شمارنده هوشمند تردد تبدیل کنید. Piyuo Counter با استفاده از هوش مصنوعی روی دستگاه، افراد و وسایل نقلیه را با حفظ حریم خصوصی شمارش می‌کند. به‌جای ذخیره ویدیو، خلاصه‌هایی ساده و قابل‌فهم از تردد شامل عبور، ورود، خروج، میزان حضور و میانگین زمان ماندن ایجاد می‌کند. ویدیو، تصویر و صدا هرگز از دستگاه شما خارج نمی‌شوند.","Transformez votre téléphone en compteur de trafic intelligent. Piyuo Counter utilise l'IA embarquée pour compter les personnes et les véhicules tout en protégeant la vie privée. Au lieu d'enregistrer des vidéos, l'application crée des résumés clairs du trafic, avec passages, entrées, sorties, occupation et durée moyenne de présence. Les vidéos, les images et l'audio ne quittent jamais votre appareil.","הפכו את הטלפון שלכם למונה תנועה חכם. Piyuo Counter משתמש בבינה מלאכותית שפועלת במכשיר כדי לספור אנשים וכלי רכב תוך שמירה על הפרטיות. במקום לשמור סרטונים, הוא יוצר סיכומי תנועה פשוטים להבנה, כולל עוברים, כניסות, יציאות, תפוסה וזמן שהייה ממוצע. סרטונים, תמונות ושמע לעולם אינם יוצאים מהמכשיר שלכם.","अपने फ़ोन को एक स्मार्ट ट्रैफ़िक काउंटर में बदलें। Piyuo Counter डिवाइस पर चलने वाले AI की मदद से लोगों और वाहनों की गिनती करता है और आपकी गोपनीयता की रक्षा करता है। वीडियो सहेजने के बजाय यह आने-जाने वालों, प्रवेश, निकास, वर्तमान संख्या और औसत ठहराव समय जैसी आसान ट्रैफ़िक जानकारी देता है। वीडियो, तस्वीरें और ऑडियो कभी भी आपके डिवाइस से बाहर नहीं जाते।","Alakítsa telefonját intelligens forgalomszámlálóvá. A Piyuo Counter a készüléken futó mesterséges intelligenciával számolja az embereket és a járműveket az adatvédelem megőrzése mellett. Videók tárolása helyett könnyen érthető forgalmi összesítéseket készít az elhaladásokról, belépésekről, kilépésekről, a bent lévők számáról és az átlagos tartózkodási időről. A videók, képek és hangok soha nem hagyják el a készüléket.","Ubah ponsel Anda menjadi penghitung lalu lintas pintar. Piyuo Counter menggunakan AI di perangkat untuk menghitung orang dan kendaraan sambil menjaga privasi. Alih-alih menyimpan video, aplikasi ini membuat ringkasan lalu lintas yang mudah dipahami, termasuk jumlah lewat, masuk, keluar, jumlah saat ini, dan rata-rata lama tinggal. Video, gambar, dan audio tidak pernah meninggalkan perangkat Anda.","Trasforma il tuo telefono in un contatore intelligente del traffico. Piyuo Counter utilizza l'IA sul dispositivo per contare persone e veicoli nel rispetto della privacy. Invece di salvare video, crea riepiloghi del traffico facili da capire con passaggi, ingressi, uscite, presenza e tempo medio di permanenza. Video, immagini e audio non lasciano mai il tuo dispositivo.","スマートフォンを賢い人流カウンターに変えましょう。Piyuo Counter は端末上の AI を使って、人や車両をプライバシーを守りながらカウントします。動画を保存する代わりに、通過人数、入場、退場、滞在人数、平均滞在時間など、わかりやすい人流サマリーを作成します。動画、画像、音声が端末外へ送信されることはありません。","휴대전화를 스마트 교통량 카운터로 바꿔보세요. Piyuo Counter는 기기 내 AI를 사용해 개인정보를 보호하면서 사람과 차량을 자동으로 계산합니다. 동영상을 저장하는 대신 지나간 수, 출입, 현재 인원, 평균 체류 시간 등을 이해하기 쉬운 요약으로 제공합니다. 동영상, 이미지, 오디오는 절대 기기를 벗어나지 않습니다.","Jadikan telefon anda sebagai kaunter trafik pintar. Piyuo Counter menggunakan AI pada peranti untuk mengira orang dan kenderaan sambil melindungi privasi. Daripada menyimpan video, ia menghasilkan ringkasan trafik yang mudah difahami, termasuk bilangan lalu, masuk, keluar, bilangan semasa dan purata masa berada. Video, imej dan audio tidak pernah meninggalkan peranti anda.","သင့်ဖုန်းကို စမတ်လမ်းသွားလာမှုရေတွက်စက်အဖြစ် ပြောင်းလိုက်ပါ။ Piyuo Counter သည် စက်ပေါ်ရှိ AI ဖြင့် လူများနှင့် ယာဉ်များကို ကိုယ်ရေးကိုယ်တာကို ကာကွယ်ထားစွာ ရေတွက်ပေးသည်။ ဗီဒီယိုများကို မသိမ်းဘဲ ဖြတ်သန်းမှု၊ ဝင်၊ ထွက်၊ လက်ရှိအရေအတွက်နှင့် ပျမ်းမျှနေချိန်တို့ကို နားလည်လွယ်သော အကျဉ်းချုပ်အဖြစ် ဖန်တီးပေးသည်။ ဗီဒီယို၊ ပုံနှင့် အသံများသည် သင့်စက်မှ မထွက်ပါ။","Verander uw telefoon in een slimme verkeersteller. Piyuo Counter gebruikt AI op het apparaat om mensen en voertuigen te tellen met respect voor uw privacy. In plaats van video's op te slaan, maakt de app eenvoudig te begrijpen verkeersoverzichten met voorbijgangers, binnenkomsten, vertrekken, bezetting en gemiddelde verblijfsduur. Video's, afbeeldingen en audio verlaten uw apparaat nooit.","Zmień swój telefon w inteligentny licznik ruchu. Piyuo Counter wykorzystuje AI działającą na urządzeniu do liczenia osób i pojazdów z poszanowaniem prywatności. Zamiast zapisywać filmy, tworzy czytelne podsumowania ruchu obejmujące przejścia, wejścia, wyjścia, liczbę osób i średni czas pobytu. Filmy, obrazy i dźwięk nigdy nie opuszczają urządzenia.","Transforme seu telefone em um contador inteligente de fluxo. O Piyuo Counter usa IA no próprio dispositivo para contar pessoas e veículos, protegendo a privacidade. Em vez de salvar vídeos, cria resumos fáceis de entender com passagens, entradas, saídas, ocupação e tempo médio de permanência. Vídeos, imagens e áudio nunca saem do seu dispositivo.","Transformați-vă telefonul într-un contor inteligent de trafic. Piyuo Counter folosește inteligența artificială de pe dispozitiv pentru a număra persoane și vehicule, protejând confidențialitatea. În loc să stocheze videoclipuri, creează rezumate ușor de înțeles cu treceri, intrări, ieșiri, ocupare și durata medie de ședere. Videoclipurile, imaginile și sunetul nu părăsesc niciodată dispozitivul.","Превратите телефон в умный счетчик трафика. Piyuo Counter использует ИИ на устройстве для подсчета людей и транспорта с соблюдением конфиденциальности. Вместо хранения видео приложение создает понятные сводки о трафике: проходы, входы, выходы, количество людей и среднее время пребывания. Видео, изображения и аудио никогда не покидают ваше устройство.","Pretvorite telefon u pametni brojač saobraćaja. Piyuo Counter koristi veštačku inteligenciju na uređaju za brojanje ljudi i vozila uz zaštitu privatnosti. Umesto čuvanja video zapisa, pravi jednostavne sažetke saobraćaja sa prolascima, ulascima, izlascima, brojem prisutnih i prosečnim vremenom zadržavanja. Video, slike i zvuk nikada ne napuštaju vaš uređaj.","เปลี่ยนโทรศัพท์ของคุณให้เป็นเครื่องนับการสัญจรอัจฉริยะ Piyuo Counter ใช้ AI บนอุปกรณ์เพื่อนับคนและยานพาหนะ พร้อมปกป้องความเป็นส่วนตัว แทนที่จะบันทึกวิดีโอ แอปจะสร้างสรุปข้อมูลการสัญจรที่เข้าใจง่าย เช่น จำนวนผู้เดินผ่าน เข้า ออก จำนวนปัจจุบัน และเวลาเฉลี่ยที่อยู่ในพื้นที่ วิดีโอ รูปภาพ และเสียงจะไม่ออกจากอุปกรณ์ของคุณ","Telefonunuzu akıllı bir trafik sayacına dönüştürün. Piyuo Counter, gizliliğinizi korurken insanları ve araçları saymak için cihaz üzerindeki yapay zekâyı kullanır. Video kaydetmek yerine geçenler, girişler, çıkışlar, mevcut sayı ve ortalama kalış süresi gibi kolay anlaşılır trafik özetleri oluşturur. Videolar, görüntüler ve sesler cihazınızdan asla çıkmaz.","Перетворіть свій телефон на розумний лічильник трафіку. Piyuo Counter використовує ШІ на пристрої, щоб рахувати людей і транспорт, захищаючи конфіденційність. Замість зберігання відео він створює зрозумілі зведення про трафік, включаючи проходи, входи, виходи, кількість людей і середній час перебування. Відео, зображення та аудіо ніколи не залишають ваш пристрій.","Biến điện thoại của bạn thành bộ đếm lưu lượng thông minh. Piyuo Counter sử dụng AI trên thiết bị để đếm người và phương tiện đồng thời bảo vệ quyền riêng tư. Thay vì lưu video, ứng dụng tạo các báo cáo lưu lượng dễ hiểu gồm số người đi qua, vào, ra, số hiện có và thời gian lưu trú trung bình. Video, hình ảnh và âm thanh không bao giờ rời khỏi thiết bị của bạn.","把您的手机变成智能客流统计器。Piyuo Counter 使用设备端 AI 在保护隐私的同时统计人员和车辆。它不会保存视频，而是生成易于理解的客流摘要，包括经过、进入、离开、当前人数和平均停留时间。视频、图片和音频永远不会离开您的设备。","把您的手機變成智慧客流統計器。Piyuo Counter 使用裝置端 AI 在保護隱私的同時統計人員與車輛。它不會儲存影片，而是產生容易理解的人流摘要，包括經過、進入、離開、目前人數與平均停留時間。影片、圖片與音訊永遠不會離開您的裝置。"
index_1,تتبع على مدار الساعة,২৪/৭ ট্র্যাকিং,24/7 Überwachung,Παρακολούθηση 24/7,24/7 Tracking,Seguimiento 24/7,ردیابی ۲۴/۷,"Suivi 24h/24, 7j/7",מעקב 24/7,24/7 ट्रैकिंग,24/7 követés,Pelacakan 24/7,Monitoraggio 24/7,24時間365日モニタリング,24시간 추적,Penjejakan 24/7,၂၄/၇ ခြေရာခံခြင်း,24/7 Registratie,Śledzenie 24/7,Monitoramento 24/7,Monitorizare 24/7,Круглосуточное отслеживание,Praćenje 24/7,การติดตาม 24/7,7/24 İzleme,Цілодобове відстеження,Theo dõi 24/7,全天候追踪,全天候追蹤
index_1_desc,عرض إحصاءات حركة المشاة لأي فترة زمنية.,যেকোনো সময়কালের জন্য পথচারী ট্র্যাফিক সংখ্যা দেখুন।,Betrachten Sie Fußgängerzahlen für jeden beliebigen Zeitraum.,Προβολή καταμέτρησης της κυκλοφορίας πεζών για οποιαδήποτε χρονική περίοδο.,View foot traffic counts for any time period.,Visualiza el conteo de tráfico peatonal para cualquier período de tiempo.,مشاهده تعداد عبور و مرور عابران برای هر بازه زمانی.,Consultez les comptages de passage pour n'importe quelle période.,צפה בנתוני תנועת הולכי רגל לכל פרק זמן.,किसी भी समय अवधि के लिए पैदल यातायात की गिनती देखें।,Tekintse meg a gyalogosforgalom számát bármely időszakra.,Lihat jumlah lalu lintas pejalan kaki untuk periode waktu apa pun.,Visualizza i conteggi del traffico pedonale per qualsiasi periodo di tempo.,任意の時間帯の通行量をカウント表示。,모든 시간대의 보행자 통행량을 확인하세요.,Lihat jumlah lalu lintas pejalan kaki untuk mana-mana tempoh masa.,မည်သည့်အချိန်ကာလအတွက်မဆို ခြေကျင်သွားလာမှု အရေအတွက်ကို ကြည့်ရှုနိုင်ပါသည်။,Bekijk voetgangersaantallen voor elke tijdsperiode.,Przeglądaj statystyki ruchu pieszych dla dowolnego okresu.,Visualize contagens de fluxo de pedestres para qualquer período.,Vizualizați numărul de pietoni pentru orice perioadă.,Просматривайте количество пешеходов за любой период времени.,Pregledajte broj prolaznika za bilo koji vremenski period.,ดูจำนวนคนเดินเท้าในช่วงเวลาใดก็ได้,Herhangi bir zaman dilimi için yaya trafiği sayılarını görüntüleyin.,Переглядайте кількість пішоходів за будь-який період часу.,Xem số lượng người qua lại trong bất kỳ khoảng thời gian nào.,查看任意时间段的人流量统计。,查看任何時段的人流量統計。
index_2,"أكثر من مجرد عداد للأشخاص","শুধু মানুষ গণনার চেয়েও বেশি","Mehr als nur ein Personenzähler","Περισσότερο από έναν απλό μετρητή ατόμων","More than just a people counter.","Más que un simple contador de personas","فراتر از یک شمارنده افراد","Bien plus qu'un simple compteur de personnes","יותר מסתם מונה אנשים","सिर्फ़ लोगों की गिनती से कहीं अधिक","Több mint egy egyszerű emberszámláló","Lebih dari sekadar penghitung orang","Più di un semplice contapersone","ただの人数カウンターではありません","단순한 사람 계수기를 넘어","Lebih daripada sekadar kaunter orang","လူရေတွက်စက်တစ်ခုထက် ပိုမိုသောစွမ်းဆောင်ရည်","Meer dan alleen een personenteller","To coś więcej niż licznik osób","Mais do que um simples contador de pessoas","Mai mult decât un simplu contor de persoane","Это больше, чем просто счетчик людей","Više od običnog brojača ljudi","มากกว่าแค่เครื่องนับคน","Sadece bir insan sayacından fazlası","Більше, ніж просто лічильник людей","Không chỉ là một bộ đếm người","不仅仅是人数统计器","不只是人流計數器"
index_2_desc,"تتبّع عدد المارين، والدخول، والخروج، والإشغال، ومدة البقاء لفهم كيفية حركة الأشخاص في موقعك. تساعدك هذه البيانات الواضحة على قياس الأداء واتخاذ قرارات أفضل.","এক জায়গায় পথচারী, প্রবেশ, প্রস্থান, উপস্থিতি এবং অবস্থানের সময় ট্র্যাক করুন। সহজে বোঝা যায় এমন ট্রাফিক তথ্য আপনাকে পারফরম্যান্স মূল্যায়ন করতে এবং আরও ভালো ব্যবসায়িক সিদ্ধান্ত নিতে সাহায্য করে।","Verfolgen Sie Vorbeigänge, Eintritte, Austritte, Belegung und Aufenthaltsdauer, um zu verstehen, wie sich Menschen an Ihrem Standort bewegen. Klare Verkehrsdaten helfen Ihnen, die Leistung zu bewerten und bessere Geschäftsentscheidungen zu treffen.","Παρακολουθήστε διελεύσεις, εισόδους, εξόδους, πληρότητα και χρόνο παραμονής για να κατανοήσετε πώς κινούνται οι άνθρωποι στον χώρο σας. Οι σαφείς πληροφορίες σας βοηθούν να αξιολογείτε την απόδοση και να λαμβάνετε καλύτερες επιχειρηματικές αποφάσεις.","Track pass-bys, entries, exits, occupancy, and stay time to understand how people move through your location. Clear traffic insights help you measure performance and make better business decisions.","Controle las personas que pasan, las entradas, las salidas, la ocupación y el tiempo de permanencia para entender cómo se mueve la gente por su establecimiento. Obtenga información clara para medir el rendimiento y tomar mejores decisiones comerciales.","عبور، ورود، خروج، میزان حضور و مدت ماندن را دنبال کنید تا نحوه حرکت افراد در محل خود را بهتر درک کنید. این اطلاعات شفاف به شما کمک می‌کند عملکرد را ارزیابی کرده و تصمیم‌های بهتری برای کسب‌وکار بگیرید.","Suivez les passages, les entrées, les sorties, l'occupation et le temps de présence pour comprendre les déplacements dans votre établissement. Des données claires vous aident à mesurer vos performances et à prendre de meilleures décisions.","עקבו אחר העוברים, הכניסות, היציאות, התפוסה וזמן השהייה כדי להבין כיצד אנשים נעים במיקום שלכם. נתונים ברורים עוזרים למדוד ביצועים ולקבל החלטות עסקיות טובות יותר.","आने-जाने वाले लोगों, प्रवेश, निकास, मौजूद लोगों की संख्या और ठहरने के समय को ट्रैक करें ताकि आप अपने स्थान पर लोगों की गतिविधि को बेहतर समझ सकें। स्पष्ट जानकारी आपको प्रदर्शन मापने और बेहतर व्यावसायिक निर्णय लेने में मदद करती है।","Kövesse az elhaladásokat, belépéseket, kilépéseket, a bent lévők számát és a tartózkodási időt, hogy jobban megértse, hogyan mozognak az emberek az Ön helyszínén. Az áttekinthető adatok segítenek a teljesítmény mérésében és a jobb üzleti döntések meghozatalában.","Lacak jumlah lewat, masuk, keluar, jumlah saat ini, dan lama tinggal untuk memahami bagaimana orang bergerak di lokasi Anda. Insight yang jelas membantu Anda mengukur kinerja dan mengambil keputusan bisnis yang lebih baik.","Monitora passaggi, ingressi, uscite, presenza e tempo di permanenza per capire come si muovono le persone nella tua attività. Informazioni chiare ti aiutano a misurare le prestazioni e a prendere decisioni migliori.","通過人数、入場、退場、滞在人数、滞在時間を把握して、人の流れを理解しましょう。わかりやすい分析データが、店舗の状況を把握し、より良い判断に役立ちます。","지나간 수, 출입, 현재 인원, 체류 시간을 한눈에 확인하여 사람들의 이동 흐름을 이해하세요. 명확한 데이터로 성과를 분석하고 더 나은 비즈니스 결정을 내릴 수 있습니다.","Jejaki bilangan lalu, masuk, keluar, bilangan semasa dan tempoh berada untuk memahami pergerakan orang di lokasi anda. Cerapan yang jelas membantu anda mengukur prestasi dan membuat keputusan perniagaan yang lebih baik.","ဖြတ်သန်းသူ၊ ဝင်၊ ထွက်၊ လက်ရှိအရေအတွက်နှင့် နေထိုင်ချိန်ကို ခြေရာခံပြီး သင့်နေရာရှိ လူသွားလာပုံကို နားလည်ပါ။ ရှင်းလင်းသော အချက်အလက်များက စွမ်းဆောင်ရည်ကို တိုင်းတာပြီး ပိုမိုကောင်းမွန်သော လုပ်ငန်းဆုံးဖြတ်ချက်များ ချနိုင်ရန် ကူညီပေးသည်။","Volg voorbijgangers, binnenkomsten, vertrekken, bezetting en verblijfsduur om inzicht te krijgen in hoe mensen zich op uw locatie bewegen. Duidelijke verkeersinzichten helpen u prestaties te meten en betere zakelijke beslissingen te nemen.","Śledź liczbę przejść, wejść, wyjść, liczbę osób i czas pobytu, aby lepiej zrozumieć ruch w swojej lokalizacji. Czytelne dane pomagają ocenić wyniki i podejmować lepsze decyzje biznesowe.","Acompanhe passagens, entradas, saídas, ocupação e tempo de permanência para entender como as pessoas circulam pelo seu local. Informações claras ajudam você a medir resultados e tomar melhores decisões para o seu negócio.","Urmăriți trecerile, intrările, ieșirile, gradul de ocupare și timpul petrecut pentru a înțelege cum se deplasează oamenii prin locația dumneavoastră. Informațiile clare vă ajută să măsurați performanța și să luați decizii mai bune.","Отслеживайте проходы, входы, выходы, количество людей и время пребывания, чтобы понять, как люди перемещаются по вашей территории. Понятная аналитика помогает оценивать эффективность и принимать более взвешенные решения.","Pratite prolaske, ulaske, izlaske, broj prisutnih i vreme zadržavanja kako biste razumeli kretanje ljudi na vašoj lokaciji. Jasni podaci pomažu vam da merite rezultate i donosite bolje poslovne odluke.","ติดตามจำนวนผู้เดินผ่าน เข้า ออก จำนวนคนในพื้นที่ และเวลาที่ใช้ในพื้นที่ เพื่อเข้าใจการเคลื่อนไหวของผู้คน ข้อมูลที่ชัดเจนช่วยให้คุณวัดผลและตัดสินใจทางธุรกิจได้ดียิ่งขึ้น","Geçenleri, girişleri, çıkışları, doluluğu ve kalış süresini takip ederek insanların işletmenizde nasıl hareket ettiğini anlayın. Net veriler performansınızı ölçmenize ve daha iyi iş kararları almanıza yardımcı olur.","Відстежуйте проходи, входи, виходи, кількість людей і час перебування, щоб зрозуміти, як люди пересуваються вашим об'єктом. Зрозуміла аналітика допомагає оцінювати ефективність і приймати кращі бізнес-рішення.","Theo dõi số người đi qua, vào, ra, số người hiện có và thời gian lưu trú để hiểu cách mọi người di chuyển tại địa điểm của bạn. Dữ liệu rõ ràng giúp bạn đánh giá hiệu quả và đưa ra quyết định kinh doanh tốt hơn.","跟踪经过、进入、离开、当前人数和停留时间，了解人员如何在您的场所流动。清晰的客流分析帮助您评估经营表现，并做出更好的业务决策。","追蹤經過、進入、離開、目前人數與停留時間，了解人們如何在您的場所移動。清楚的人流分析可協助您評估營運成效，並做出更好的商業決策。"
index_3,"احسب فقط حيث يهم","শুধু যেখানে দরকার সেখানে গণনা করুন","Nur dort zählen, wo es wichtig ist","Μετρήστε μόνο εκεί που έχει σημασία","Count only where it matters.","Cuente solo donde importa.","فقط جایی را شمارش کنید که مهم است.","Comptez uniquement là où c'est important.","ספרו רק במקום שחשוב.","सिर्फ़ वहीं गिनें जहाँ ज़रूरत हो।","Csak ott számoljon, ahol fontos.","Hitung hanya di area yang penting.","Conta solo dove serve.","必要な場所だけをカウント。","필요한 곳만 정확하게 집계하세요.","Kira hanya di kawasan yang penting.","အရေးကြီးသောနေရာကိုသာ ရေတွက်ပါ။","Tel alleen waar het belangrijk is.","Licz tylko tam, gdzie to ma znaczenie.","Conte apenas onde importa.","Numărați doar acolo unde contează.","Считайте только там, где это важно.","Brojite samo tamo gde je važno.","นับเฉพาะจุดที่สำคัญ","Sadece önemli olan yerde sayın.","Рахуйте лише там, де це потрібно.","Chỉ đếm ở nơi quan trọng.","只统计重要区域。","只統計重要區域。"
index_3_desc,"ارسم منطقة عد مخصصة في أي مكان ضمن عرض الكاميرا، مثل مدخل متجر أو الرصيف أو الباب أو منطقة الدفع. قِس حركة المرور في المكان الذي تختاره.","ক্যামেরার দৃশ্যে যেকোনো স্থানে একটি কাস্টম গণনার এলাকা আঁকুন, যেমন দোকানের প্রবেশপথ, ফুটপাত, দরজা বা চেকআউট। আপনি যেখানে চান ঠিক সেখানকার চলাচল পরিমাপ করুন।","Zeichnen Sie einen individuellen Zählbereich an einer beliebigen Stelle im Kamerabild, z. B. am Ladeneingang, Gehweg, Türbereich oder an der Kasse. Messen Sie den Personenverkehr genau dort, wo Sie möchten.","Σχεδιάστε μια προσαρμοσμένη περιοχή καταμέτρησης οπουδήποτε στην εικόνα της κάμερας, όπως στην είσοδο καταστήματος, στο πεζοδρόμιο, στην πόρτα ή στο ταμείο. Μετρήστε την κίνηση ακριβώς εκεί που θέλετε.","Draw a custom counting area anywhere in the camera view, such as a store entrance, sidewalk, doorway, or checkout. Measure traffic exactly where you want.","Dibuje un área de conteo personalizada en cualquier parte de la vista de la cámara, como la entrada de una tienda, la acera, una puerta o la caja. Mida el flujo de personas exactamente donde lo necesite.","یک محدوده شمارش دلخواه در هر نقطه از تصویر دوربین رسم کنید، مانند ورودی فروشگاه، پیاده‌رو، درگاه یا صندوق. تردد را دقیقاً در همان جایی که می‌خواهید اندازه‌گیری کنید.","Dessinez une zone de comptage personnalisée n'importe où dans l'image de la caméra, par exemple à l'entrée d'un magasin, sur un trottoir, à une porte ou à la caisse. Mesurez le trafic exactement là où vous le souhaitez.","ציירו אזור ספירה מותאם אישית בכל מקום בתצוגת המצלמה, כמו כניסה לחנות, מדרכה, דלת או קופה. מדדו את התנועה בדיוק במקום הרצוי.","कैमरे के दृश्य में कहीं भी अपनी पसंद का गिनती क्षेत्र बनाएँ, जैसे दुकान का प्रवेश द्वार, फुटपाथ, दरवाज़ा या चेकआउट। ट्रैफ़िक को ठीक वहीं मापें जहाँ आप चाहते हैं।","Rajzoljon egy egyéni számlálási területet a kameraképen bárhová, például egy üzlet bejáratához, járdára, ajtóhoz vagy pénztárhoz. Mérje a forgalmat pontosan ott, ahol szeretné.","Gambar area penghitung khusus di mana saja pada tampilan kamera, seperti pintu masuk toko, trotoar, pintu, atau kasir. Ukur lalu lintas tepat di area yang Anda inginkan.","Disegna un'area di conteggio personalizzata in qualsiasi punto dell'inquadratura, ad esempio all'ingresso del negozio, sul marciapiede, vicino a una porta o alla cassa. Misura il traffico esattamente dove vuoi.","カメラ映像内の好きな場所にカウントエリアを設定できます。店舗入口、歩道、出入口、レジ前など、測定したい場所だけの人の流れを確認できます。","카메라 화면 어디에나 원하는 집계 영역을 설정하세요. 매장 입구, 보도, 출입문, 계산대 등 원하는 위치의 이동량만 정확하게 측정할 수 있습니다.","Lukis kawasan kiraan tersuai di mana-mana dalam paparan kamera, seperti pintu masuk kedai, kaki lima, pintu atau kaunter pembayaran. Ukur trafik tepat di kawasan yang anda pilih.","ကင်မရာမြင်ကွင်းအတွင်း မည်သည့်နေရာတွင်မဆို စိတ်ကြိုက်ရေတွက်ဧရိယာကို သတ်မှတ်နိုင်သည်။ ဆိုင်ဝင်ပေါက်၊ လမ်းဘေး၊ တံခါး သို့မဟုတ် ငွေရှင်းကောင်တာကဲ့သို့ သင်လိုချင်သောနေရာ၏ လူသွားလာမှုကို တိကျစွာ တိုင်းတာနိုင်သည်။","Teken een aangepast telgebied op elke gewenste plek in het camerabeeld, zoals een winkelingang, stoep, deuropening of kassa. Meet het verkeer precies waar u dat wilt.","Narysuj własny obszar zliczania w dowolnym miejscu obrazu z kamery, na przykład przy wejściu do sklepu, na chodniku, w drzwiach lub przy kasie. Mierz ruch dokładnie tam, gdzie chcesz.","Desenhe uma área de contagem personalizada em qualquer lugar da imagem da câmera, como a entrada da loja, a calçada, a porta ou o caixa. Meça o fluxo exatamente onde desejar.","Desenați o zonă personalizată de numărare oriunde în imaginea camerei, cum ar fi la intrarea unui magazin, pe trotuar, la ușă sau la casă. Măsurați traficul exact acolo unde doriți.","Нарисуйте собственную область подсчета в любом месте изображения с камеры, например у входа в магазин, на тротуаре, у двери или кассы. Измеряйте поток людей именно там, где это нужно.","Nacrtajte prilagođenu zonu brojanja bilo gde u prikazu kamere, kao što su ulaz u prodavnicu, trotoar, vrata ili kasa. Merite protok ljudi tačno tamo gde želite.","วาดพื้นที่นับแบบกำหนดเองได้ทุกจุดในมุมมองของกล้อง เช่น ทางเข้า ร้านค้า ทางเดิน ประตู หรือจุดชำระเงิน วัดปริมาณการสัญจรได้ตรงตามจุดที่ต้องการ","Kamera görüntüsünde mağaza girişi, kaldırım, kapı veya kasa gibi istediğiniz herhangi bir yere özel bir sayım alanı çizin. Trafiği tam istediğiniz noktada ölçün.","Намалюйте власну зону підрахунку будь-де в полі зору камери, наприклад біля входу до магазину, на тротуарі, біля дверей або каси. Вимірюйте потік людей саме там, де потрібно.","Vẽ vùng đếm tùy chỉnh ở bất kỳ đâu trong khung hình camera, như cửa hàng, vỉa hè, cửa ra vào hoặc quầy thanh toán. Đo lưu lượng chính xác tại khu vực bạn muốn.","在摄像头画面中任意绘制统计区域，例如店铺入口、人行道、门口或收银台。只统计您指定区域的客流。","在攝影機畫面中自由繪製統計區域，例如商店入口、人行道、門口或收銀台。只統計您指定區域的人流。"
index_4,"إعداد مرة واحدة. واستمر في العد تلقائيًا.","একবার সেট করুন। স্বয়ংক্রিয়ভাবে গণনা চলতে দিন।","Einmal einrichten. Automatisch weiterzählen.","Ρυθμίστε το μία φορά. Συνεχίστε την αυτόματη καταμέτρηση.","Set it up once. Keep counting automatically.","Configúralo una vez. Sigue contando automáticamente.","یک‌بار تنظیم کنید. شمارش را به‌صورت خودکار ادامه دهید.","Configurez une fois. Continuez à compter automatiquement.","הגדירו פעם אחת. המשיכו לספור באופן אוטומטי.","एक बार सेट करें। स्वचालित रूप से गिनती जारी रखें।","Egyszer állítsa be. A számlálás automatikusan folytatódik.","Atur sekali. Terus menghitung secara otomatis.","Configuralo una volta. Continua a contare automaticamente.","一度設定するだけ。自動でカウントを続けます。","한 번 설정하면 자동으로 계속 집계합니다.","Tetapkan sekali. Teruskan kiraan secara automatik.","တစ်ကြိမ်သာ သတ်မှတ်ပါ။ အလိုအလျောက် ဆက်လက်ရေတွက်ပါ။","Eenmalig instellen. Automatisch blijven tellen.","Skonfiguruj raz. Kontynuuj automatyczne liczenie.","Configure uma vez. Continue contando automaticamente.","Configurați o singură dată. Continuați numărarea automat.","Настройте один раз. Продолжайте автоматический подсчет.","Podesite jednom. Nastavite automatsko brojanje.","ตั้งค่าเพียงครั้งเดียว นับอัตโนมัติต่อเนื่อง","Bir kez kurun. Otomatik saymaya devam edin.","Налаштуйте один раз. Продовжуйте автоматичний підрахунок.","Thiết lập một lần. Tiếp tục đếm tự động.","设置一次，持续自动统计。","設定一次，持續自動統計。"
index_4_desc,"تم تصميم Piyuo Counter للعمل المستمر لأيام أو أسابيع. ضع هاتفك في المكان الذي تريد قياس حركة المرور فيه، وابدأ العد، ودعه يجمع بيانات المرور المُلخّصة تلقائيًا. لا حاجة للتشغيل اليومي.","Piyuo Counter দিনের পর দিন বা সপ্তাহের পর সপ্তাহ চলার জন্য তৈরি। আপনার ফোনটি যেখানে ট্রাফিক পরিমাপ করতে চান সেখানে রাখুন, গণনা শুরু করুন, এবং অ্যাপকে স্বয়ংক্রিয়ভাবে সারাংশভিত্তিক ট্রাফিক ডেটা সংগ্রহ করতে দিন। প্রতিদিন পরিচালনার প্রয়োজন নেই।","Piyuo Counter ist für den kontinuierlichen Betrieb über Tage oder Wochen ausgelegt. Platzieren Sie Ihr Smartphone dort, wo Sie den Verkehr messen möchten, starten Sie die Zählung und lassen Sie die App automatisch zusammengefasste Verkehrsdaten erfassen. Keine tägliche Bedienung erforderlich.","Το Piyuo Counter έχει σχεδιαστεί για συνεχή λειτουργία για ημέρες ή εβδομάδες. Τοποθετήστε το τηλέφωνό σας στο σημείο που θέλετε να μετρήσετε την κίνηση, ξεκινήστε την καταμέτρηση και αφήστε την εφαρμογή να συλλέγει αυτόματα συνοπτικά δεδομένα κίνησης. Δεν απαιτείται καθημερινή λειτουργία.","Piyuo Counter is designed for continuous operation over days or weeks. Place your phone where you want to measure traffic, start counting, and let it automatically collect summarized traffic data. No daily operation is needed.","Piyuo Counter está diseñado para funcionar continuamente durante días o semanas. Coloque su teléfono donde quiera medir el tráfico, inicie el conteo y deje que recopile automáticamente datos de tráfico resumidos. No necesita operar la aplicación todos los días.","Piyuo Counter برای کار مداوم در روزها یا هفته‌ها طراحی شده است. گوشی خود را در محلی که می‌خواهید تردد را اندازه‌گیری کنید قرار دهید، شمارش را شروع کنید و اجازه دهید برنامه به‌صورت خودکار داده‌های خلاصه‌شده تردد را جمع‌آوری کند. نیازی به استفاده روزانه از برنامه نیست.","Piyuo Counter est conçu pour fonctionner en continu pendant plusieurs jours ou semaines. Placez votre téléphone à l'endroit où vous souhaitez mesurer le trafic, démarrez le comptage et laissez l'application collecter automatiquement des données de trafic résumées. Aucune utilisation quotidienne n'est nécessaire.","Piyuo Counter מיועד לפעולה רציפה במשך ימים או שבועות. הציבו את הטלפון במקום שבו תרצו למדוד תנועה, התחילו לספור, ותנו לאפליקציה לאסוף נתוני תנועה מסוכמים באופן אוטומטי. אין צורך בהפעלה יומיומית.","Piyuo Counter को कई दिनों या हफ्तों तक लगातार चलाने के लिए बनाया गया है। अपना फ़ोन उस जगह रखें जहाँ आप ट्रैफ़िक मापना चाहते हैं, गिनती शुरू करें और ऐप को अपने आप सारांशित ट्रैफ़िक डेटा एकत्र करने दें। रोज़ाना ऐप चलाने की ज़रूरत नहीं है।","A Piyuo Counter folyamatos működésre készült napokon vagy heteken keresztül. Helyezze telefonját oda, ahol a forgalmat mérni szeretné, indítsa el a számlálást, és hagyja, hogy az alkalmazás automatikusan összesített forgalmi adatokat gyűjtsön. Nincs szükség napi használatra.","Piyuo Counter dirancang untuk berjalan terus menerus selama berhari-hari atau berminggu-minggu. Letakkan ponsel Anda di tempat yang ingin diukur, mulai penghitungan, dan biarkan aplikasi mengumpulkan data lalu lintas yang diringkas secara otomatis. Tidak perlu mengoperasikan aplikasi setiap hari.","Piyuo Counter è progettato per funzionare continuamente per giorni o settimane. Posiziona il telefono dove vuoi misurare il traffico, avvia il conteggio e lascia che raccolga automaticamente dati di traffico riepilogati. Non è necessario usare l'app ogni giorno.","Piyuo Counter は数日から数週間の連続運用を想定して設計されています。測定したい場所にスマートフォンを設置してカウントを開始するだけで、要約された人流データを自動的に収集します。毎日の操作は必要ありません。","Piyuo Counter는 며칠 또는 몇 주 동안 지속적으로 작동하도록 설계되었습니다. 측정하려는 위치에 휴대전화를 놓고 집계를 시작하면, 앱이 요약된 교통 데이터를 자동으로 수집합니다. 매일 앱을 조작할 필요가 없습니다.","Piyuo Counter direka untuk operasi berterusan selama beberapa hari atau minggu. Letakkan telefon anda di lokasi yang ingin diukur, mulakan kiraan, dan biarkan aplikasi mengumpul data trafik ringkasan secara automatik. Tiada operasi harian diperlukan.","Piyuo Counter သည် ရက်များ သို့မဟုတ် အပတ်များကြာ ဆက်တိုက် လည်ပတ်နိုင်ရန် ဒီဇိုင်းပြုလုပ်ထားသည်။ တိုင်းတာလိုသောနေရာတွင် ဖုန်းကိုထားပြီး ရေတွက်မှုစတင်ပါ။ အက်ပ်က အကျဉ်းချုပ်ထားသော လမ်းသွားလာမှုဒေတာများကို အလိုအလျောက် စုဆောင်းပေးမည်ဖြစ်သည်။ နေ့စဉ် လုပ်ဆောင်ရန် မလိုအပ်ပါ။","Piyuo Counter is ontworpen voor continue werking gedurende dagen of weken. Plaats uw telefoon waar u verkeer wilt meten, start het tellen en laat de app automatisch samengevatte verkeersgegevens verzamelen. Dagelijkse bediening is niet nodig.","Piyuo Counter został zaprojektowany do ciągłej pracy przez dni lub tygodnie. Umieść telefon w miejscu, w którym chcesz mierzyć ruch, rozpocznij liczenie i pozwól aplikacji automatycznie zbierać podsumowane dane ruchu. Codzienna obsługa nie jest potrzebna.","O Piyuo Counter foi desenvolvido para funcionar continuamente por dias ou semanas. Coloque seu telefone onde deseja medir o fluxo, inicie a contagem e deixe o aplicativo coletar automaticamente dados resumidos de tráfego. Não é necessário operar o aplicativo todos os dias.","Piyuo Counter este proiectat pentru funcționare continuă timp de zile sau săptămâni. Puneți telefonul în locul unde doriți să măsurați traficul, porniți numărarea și lăsați aplicația să colecteze automat date de trafic rezumate. Nu este necesară operarea zilnică.","Piyuo Counter рассчитан на непрерывную работу в течение дней или недель. Разместите телефон там, где нужно измерять поток, запустите подсчет и позвольте приложению автоматически собирать сводные данные о трафике. Ежедневное управление не требуется.","Piyuo Counter je dizajniran za neprekidan rad danima ili nedeljama. Postavite telefon na mesto gde želite da merite saobraćaj, pokrenite brojanje i pustite aplikaciju da automatski prikuplja sažete podatke. Nije potrebno svakodnevno upravljanje.","Piyuo Counter ออกแบบมาให้ทำงานต่อเนื่องได้หลายวันหรือหลายสัปดาห์ วางโทรศัพท์ในจุดที่ต้องการวัดการสัญจร เริ่มการนับ และให้แอปเก็บข้อมูลสรุปโดยอัตโนมัติ ไม่จำเป็นต้องใช้งานแอปทุกวัน","Piyuo Counter günler veya haftalar boyunca sürekli çalışacak şekilde tasarlanmıştır. Telefonunuzu ölçüm yapmak istediğiniz yere yerleştirin, sayımı başlatın ve uygulamanın özetlenmiş trafik verilerini otomatik olarak toplamasına izin verin. Günlük kullanım gerekmez.","Piyuo Counter розроблений для безперервної роботи протягом днів або тижнів. Розмістіть телефон у потрібному місці, запустіть підрахунок, і додаток автоматично збиратиме узагальнені дані про трафік. Щоденне керування не потрібне.","Piyuo Counter được thiết kế để hoạt động liên tục trong nhiều ngày hoặc nhiều tuần. Đặt điện thoại tại nơi bạn muốn đo lưu lượng, bắt đầu đếm và để ứng dụng tự động thu thập dữ liệu lưu lượng đã tổng hợp. Không cần thao tác hằng ngày.","Piyuo Counter 专为连续运行数天或数周而设计。将手机放置在需要统计的位置，开始统计，应用会自动收集汇总后的客流数据。无需每天操作。","Piyuo Counter 專為連續運行數天或數週而設計。將手機放置在需要統計的位置，開始統計，應用會自動收集彙整後的人流資料。不需要每天操作。"
index_desktop2_title,"استخدم كاميرات المراقبة الموجودة لديك","আপনার বিদ্যমান সিকিউরিটি ক্যামেরা ব্যবহার করুন","Nutzen Sie Ihre vorhandenen Sicherheitskameras","Χρησιμοποιήστε τις υπάρχουσες κάμερες ασφαλείας σας","Use your existing security cameras.","Usa tus cámaras de seguridad existentes","از دوربین‌های امنیتی موجود خود استفاده کنید","Utilisez vos caméras de sécurité existantes","השתמשו במצלמות האבטחה הקיימות שלכם","अपने मौजूदा सुरक्षा कैमरों का उपयोग करें","Használja meglévő biztonsági kameráit","Gunakan kamera keamanan yang sudah ada","Usa le tue telecamere di sicurezza esistenti","既存の防犯カメラを利用できます","기존 보안 카메라를 사용하세요","Gunakan kamera keselamatan sedia ada anda","ရှိပြီးသား လုံခြုံရေးကင်မရာများကို အသုံးပြုပါ","Gebruik uw bestaande beveiligingscamera's","Użyj istniejących kamer bezpieczeństwa","Use suas câmeras de segurança existentes","Folosiți camerele de securitate existente","Используйте существующие камеры видеонаблюдения","Koristite postojeće sigurnosne kamere","ใช้กล้องรักษาความปลอดภัยที่มีอยู่แล้ว","Mevcut güvenlik kameralarınızı kullanın","Використовуйте наявні камери безпеки","Sử dụng camera an ninh hiện có của bạn","使用您现有的监控摄像头","使用您現有的監視攝影機"
index_desktop2_desc,"يدعم إصدار سطح المكتب بث الكاميرات المباشر. بدلًا من استخدام كاميرا الويب، يمكنك توصيل كاميرا المراقبة الموجودة لديك وإدخال رابط البث الخاص بها. يدعم Piyuo Counter كاميرات RTSP لإعداد مرن.","ডেস্কটপ সংস্করণ লাইভ ক্যামেরা স্ট্রিম সমর্থন করে। ওয়েবক্যাম ব্যবহারের পরিবর্তে আপনার বিদ্যমান সিকিউরিটি ক্যামেরা সংযুক্ত করুন এবং তার স্ট্রিম URL দিন। Piyuo Counter নমনীয় সেটআপের জন্য RTSP ক্যামেরা সমর্থন করে।","Die Desktop-Version unterstützt Live-Kamerastreams. Statt einer Webcam können Sie Ihre vorhandene Sicherheitskamera verbinden und deren Stream-URL eingeben. Piyuo Counter unterstützt RTSP-Kameras für eine flexible Einrichtung.","Η έκδοση για υπολογιστή υποστηρίζει ζωντανές ροές κάμερας. Αντί για webcam, συνδέστε την υπάρχουσα κάμερα ασφαλείας σας και εισαγάγετε το URL ροής της. Το Piyuo Counter υποστηρίζει κάμερες RTSP για ευέλικτη εγκατάσταση.","The desktop version supports live camera streams. Instead of using a webcam, connect your existing security camera and enter its stream URL. Piyuo Counter supports RTSP cameras for a flexible setup.","La versión de escritorio admite transmisiones de cámara en vivo. En lugar de usar una cámara web, conecta tu cámara de seguridad existente e introduce la URL de transmisión. Piyuo Counter es compatible con cámaras RTSP para una configuración flexible.","نسخه دسکتاپ از پخش زنده دوربین پشتیبانی می‌کند. به‌جای استفاده از وب‌کم، دوربین امنیتی موجود خود را متصل کنید و آدرس پخش آن را وارد کنید. Piyuo Counter از دوربین‌های RTSP برای راه‌اندازی انعطاف‌پذیر پشتیبانی می‌کند.","La version de bureau prend en charge les flux vidéo en direct. Au lieu d'utiliser une webcam, connectez votre caméra de sécurité existante et saisissez son URL de flux. Piyuo Counter prend en charge les caméras RTSP pour une configuration flexible.","גרסת שולחן העבודה תומכת בשידורי מצלמה חיים. במקום להשתמש במצלמת רשת, חברו את מצלמת האבטחה הקיימת שלכם והזינו את כתובת השידור שלה. Piyuo Counter תומך במצלמות RTSP להתקנה גמישה.","डेस्कटॉप संस्करण लाइव कैमरा स्ट्रीम का समर्थन करता है। वेबकैम के बजाय अपनी मौजूदा सुरक्षा कैमरा को कनेक्ट करें और उसका स्ट्रीम URL दर्ज करें। Piyuo Counter लचीले सेटअप के लिए RTSP कैमरों का समर्थन करता है।","Az asztali verzió támogatja az élő kamerastreamet. Webkamera helyett csatlakoztassa meglévő biztonsági kameráját, és adja meg annak stream URL-jét. A Piyuo Counter támogatja az RTSP kamerákat a rugalmas beállításhoz.","Versi desktop mendukung streaming kamera langsung. Daripada menggunakan webcam, hubungkan kamera keamanan yang sudah ada dan masukkan URL stream-nya. Piyuo Counter mendukung kamera RTSP untuk pengaturan yang fleksibel.","La versione desktop supporta i flussi video live delle telecamere. Invece di usare una webcam, collega la tua telecamera di sicurezza esistente e inserisci l'URL dello stream. Piyuo Counter supporta telecamere RTSP per una configurazione flessibile.","デスクトップ版ではライブカメラストリームに対応しています。ウェブカメラの代わりに、既存の防犯カメラを接続してストリームURLを入力できます。Piyuo Counterは柔軟な構成のためRTSPカメラにも対応しています。","데스크톱 버전은 실시간 카메라 스트림을 지원합니다. 웹캠 대신 기존 보안 카메라를 연결하고 스트림 URL을 입력하세요. Piyuo Counter는 유연한 구성을 위해 RTSP 카메라를 지원합니다.","Versi desktop menyokong strim kamera secara langsung. Selain menggunakan kamera web, anda boleh menyambungkan kamera keselamatan sedia ada dan memasukkan URL strimnya. Piyuo Counter menyokong kamera RTSP untuk persediaan yang fleksibel.","Desktop versiyasida jonli kamera oqimlari qo'llab-quvvatlanadi. Veb-kamera o'rniga mavjud xavfsizlik kamerangizni ulang va oqim URL manzilini kiriting. Piyuo Counter moslashuvchan sozlash uchun RTSP kameralarini qo'llab-quvvatlaydi.","De desktopversie ondersteunt live camerastreams. In plaats van een webcam te gebruiken, kunt u uw bestaande beveiligingscamera verbinden en de stream-URL invoeren. Piyuo Counter ondersteunt RTSP-camera's voor een flexibele installatie.","Wersja desktopowa obsługuje transmisje obrazu na żywo z kamer. Zamiast używać kamery internetowej, podłącz istniejącą kamerę bezpieczeństwa i wprowadź jej adres strumienia. Piyuo Counter obsługuje kamery RTSP dla elastycznej konfiguracji.","A versão para desktop oferece suporte a transmissões de câmeras ao vivo. Em vez de usar uma webcam, conecte sua câmera de segurança existente e informe a URL do stream. O Piyuo Counter oferece suporte a câmeras RTSP para uma configuração flexível.","Versiunea desktop acceptă fluxuri live de la camere. În loc să folosiți o cameră web, conectați camera de securitate existentă și introduceți URL-ul fluxului. Piyuo Counter acceptă camere RTSP pentru o configurare flexibilă.","Версия для компьютера поддерживает прямые трансляции с камер. Вместо веб-камеры подключите существующую камеру видеонаблюдения и укажите URL потока. Piyuo Counter поддерживает RTSP-камеры для гибкой настройки.","Desktop verzija podržava prenose sa kamera uživo. Umesto korišćenja veb kamere, povežite postojeću sigurnosnu kameru i unesite URL njenog toka. Piyuo Counter podržava RTSP kamere za fleksibilno podešavanje.","เวอร์ชันเดสก์ท็อปรองรับสตรีมกล้องแบบสด แทนที่จะใช้เว็บแคม คุณสามารถเชื่อมต่อกล้องรักษาความปลอดภัยที่มีอยู่และใส่ URL สตรีมได้ Piyuo Counter รองรับกล้อง RTSP เพื่อการตั้งค่าที่ยืดหยุ่น","Masaüstü sürümü canlı kamera akışlarını destekler. Web kamerası kullanmak yerine mevcut güvenlik kameranızı bağlayın ve akış URL'sini girin. Piyuo Counter esnek kurulum için RTSP kameraları destekler.","Настільна версія підтримує прямі трансляції з камер. Замість вебкамери підключіть наявну камеру безпеки та введіть URL потоку. Piyuo Counter підтримує RTSP-камери для гнучкого налаштування.","Phiên bản máy tính hỗ trợ luồng camera trực tiếp. Thay vì dùng webcam, bạn có thể kết nối camera an ninh hiện có và nhập URL luồng. Piyuo Counter hỗ trợ camera RTSP để thiết lập linh hoạt.","桌面版支持实时摄像头流。无需使用网络摄像头，您可以连接现有监控摄像头并输入其视频流地址。Piyuo Counter 支持 RTSP 摄像头，方便灵活部署。","桌面版支援即時攝影機串流。您可以不用使用網路攝影機，直接連接現有監視攝影機並輸入串流網址。Piyuo Counter 支援 RTSP 攝影機，提供更彈性的部署方式。"
index_desktop_title,"اعمل على الجهاز الذي لديك بالفعل","আপনার কাছে থাকা ডিভাইসেই চালান","Auf dem Gerät ausführen, das Sie bereits haben","Εκτελέστε το στη συσκευή που ήδη έχετε","Run on the device you already have.","Ejecuta la aplicación en el dispositivo que ya tienes","روی دستگاهی که دارید اجرا کنید","Utilisez l'appareil que vous possédez déjà","הפעילו על המכשיר שכבר יש לכם","अपने मौजूदा डिवाइस पर चलाएं","Futtassa azon az eszközön, amely már rendelkezésére áll","Jalankan di perangkat yang sudah Anda miliki","Esegui sul dispositivo che hai già","お持ちのデバイスで利用できます","이미 가지고 있는 기기에서 실행하세요","Jalankan pada peranti yang anda sudah miliki","သင်ရှိပြီးသား စက်ပစ္စည်းပေါ်တွင် အသုံးပြုပါ","Gebruik het apparaat dat u al heeft","Uruchom na urządzeniu, które już masz","Use no dispositivo que você já tem","Rulați pe dispozitivul pe care îl aveți deja","Запускайте на устройстве, которое у вас уже есть","Pokrenite na uređaju koji već imate","ใช้งานบนอุปกรณ์ที่คุณมีอยู่แล้ว","Sahip olduğunuz cihazda çalıştırın","Працюйте на пристрої, який у вас уже є","Chạy trên thiết bị bạn đang có","运行在您已有的设备上","在您已有的裝置上使用"
index_desktop_desc,"يدعم Piyuo Counter أجهزة iPhone وAndroid وmacOS وWindows. استخدم كاميرا هاتفك أو كاميرا الويب في جهاز الكمبيوتر لتحويل جهازك إلى عداد ذكي لحركة المرور.","Piyuo Counter iPhone, Android, macOS এবং Windows সমর্থন করে। আপনার ফোনের ক্যামেরা বা কম্পিউটারের ওয়েবক্যাম ব্যবহার করে আপনার ডিভাইসকে একটি স্মার্ট ট্রাফিক কাউন্টারে পরিণত করুন।","Piyuo Counter unterstützt iPhone, Android, macOS und Windows. Verwenden Sie die Kamera Ihres Smartphones oder die Webcam Ihres Computers, um Ihr Gerät in einen intelligenten Verkehrszähler zu verwandeln.","Το Piyuo Counter υποστηρίζει iPhone, Android, macOS και Windows. Χρησιμοποιήστε την κάμερα του τηλεφώνου σας ή την κάμερα του υπολογιστή σας για να μετατρέψετε τη συσκευή σας σε έξυπνο μετρητή κίνησης.","Piyuo Counter supports iPhone, Android, macOS, and Windows. Use your phone's camera or your computer's webcam to turn your device into a smart traffic counter.","Piyuo Counter es compatible con iPhone, Android, macOS y Windows. Use la cámara de su teléfono o la cámara web de su computadora para convertir su dispositivo en un contador inteligente de tráfico.","Piyuo Counter از iPhone، Android، macOS و Windows پشتیبانی می‌کند. از دوربین گوشی یا وب‌کم رایانه خود استفاده کنید و دستگاهتان را به یک شمارنده هوشمند تردد تبدیل کنید.","Piyuo Counter prend en charge iPhone, Android, macOS et Windows. Utilisez l'appareil photo de votre téléphone ou la webcam de votre ordinateur pour transformer votre appareil en compteur de trafic intelligent.","Piyuo Counter תומך ב-iPhone, Android, macOS ו-Windows. השתמשו במצלמת הטלפון או במצלמת הרשת של המחשב כדי להפוך את המכשיר שלכם למונה תנועה חכם.","Piyuo Counter iPhone, Android, macOS और Windows को सपोर्ट करता है। अपने फ़ोन के कैमरे या कंप्यूटर के वेबकैम का उपयोग करके अपने डिवाइस को स्मार्ट ट्रैफ़िक काउंटर में बदलें।","A Piyuo Counter támogatja az iPhone, Android, macOS és Windows rendszereket. Használja telefonja kameráját vagy számítógépe webkameráját, és alakítsa eszközét intelligens forgalomszámlálóvá.","Piyuo Counter mendukung iPhone, Android, macOS, dan Windows. Gunakan kamera ponsel atau webcam komputer Anda untuk mengubah perangkat menjadi penghitung lalu lintas pintar.","Piyuo Counter supporta iPhone, Android, macOS e Windows. Usa la fotocamera del telefono o la webcam del computer per trasformare il tuo dispositivo in un contatore intelligente del traffico.","Piyuo Counter は iPhone、Android、macOS、Windows に対応しています。スマートフォンのカメラまたはパソコンのウェブカメラを使って、お使いのデバイスをスマートな交通カウンターとして利用できます。","Piyuo Counter는 iPhone, Android, macOS, Windows를 지원합니다. 휴대전화 카메라 또는 컴퓨터 웹캠을 사용해 기기를 스마트 트래픽 카운터로 활용하세요.","Piyuo Counter menyokong iPhone, Android, macOS dan Windows. Gunakan kamera telefon atau kamera web komputer anda untuk menjadikan peranti anda sebagai kaunter trafik pintar.","Piyuo Counter သည် iPhone၊ Android၊ macOS နှင့် Windows ကို ပံ့ပိုးပေးသည်။ ဖုန်းကင်မရာ သို့မဟုတ် ကွန်ပျူတာဝဘ်ကင်မရာကို အသုံးပြုပြီး သင့်စက်ကို စမတ်လမ်းသွားလာမှုရေတွက်စက်အဖြစ် ပြောင်းလဲပါ။","Piyuo Counter ondersteunt iPhone, Android, macOS en Windows. Gebruik de camera van uw telefoon of de webcam van uw computer om uw apparaat om te vormen tot een slimme verkeersteller.","Piyuo Counter obsługuje iPhone, Android, macOS i Windows. Użyj aparatu telefonu lub kamery internetowej komputera, aby zamienić swoje urządzenie w inteligentny licznik ruchu.","O Piyuo Counter oferece suporte a iPhone, Android, macOS e Windows. Use a câmera do telefone ou a webcam do computador para transformar seu dispositivo em um contador inteligente de fluxo.","Piyuo Counter acceptă iPhone, Android, macOS și Windows. Folosiți camera telefonului sau camera web a computerului pentru a transforma dispozitivul într-un contor inteligent de trafic.","Piyuo Counter поддерживает iPhone, Android, macOS и Windows. Используйте камеру телефона или веб-камеру компьютера, чтобы превратить устройство в умный счетчик трафика.","Piyuo Counter podržava iPhone, Android, macOS i Windows. Koristite kameru telefona ili veb kameru računara da svoj uređaj pretvorite u pametni brojač saobraćaja.","Piyuo Counter รองรับ iPhone, Android, macOS และ Windows ใช้กล้องโทรศัพท์หรือเว็บแคมของคอมพิวเตอร์เพื่อเปลี่ยนอุปกรณ์ของคุณให้เป็นเครื่องนับการสัญจรอัจฉริยะ","Piyuo Counter iPhone, Android, macOS ve Windows'u destekler. Telefonunuzun kamerasını veya bilgisayarınızın web kamerasını kullanarak cihazınızı akıllı bir trafik sayacına dönüştürün.","Piyuo Counter підтримує iPhone, Android, macOS і Windows. Використовуйте камеру телефону або вебкамеру комп'ютера, щоб перетворити свій пристрій на розумний лічильник трафіку.","Piyuo Counter hỗ trợ iPhone, Android, macOS và Windows. Sử dụng camera điện thoại hoặc webcam máy tính để biến thiết bị của bạn thành bộ đếm lưu lượng thông minh.","Piyuo Counter 支持 iPhone、Android、macOS 和 Windows。使用手机摄像头或电脑摄像头，将您的设备变成智能客流统计器。","Piyuo Counter 支援 iPhone、Android、macOS 與 Windows。使用手機相機或電腦網路攝影機，將您的裝置變成智慧客流統計器。"
index_download,تحميل,ডাউনলোড করুন,Herunterladen,Λήψη,Download,Descargar,دانلود,Télécharger,הורדה,डाउनलोड,Letöltés,Unduh,Scarica,ダウンロード,다운로드,Muat turun,ဒေါင်းလုဒ်လုပ်ရန်,Downloaden,Pobierz,Baixar,Descărcați,Скачать,Preuzmi,ดาวน์โหลด,İndir,Завантажити,Tải xuống,下载,下載
index_download_soon,قريبًا.,শীঘ্রই আসছে।,Demnächst verfügbar.,Έρχεται σύντομα.,Coming soon.,Próximamente.,به زودی.,Bientôt disponible.,בקרוב.,जल्द ही आ रहा है।,Hamarosan érkezik.,Segera hadir.,Disponibile a breve.,近日公開予定。,곧 출시 예정.,Akan datang.,မကြာမီလာမည်။,Binnenkort beschikbaar.,Wkrótce dostępne.,Em breve.,În curând.,Скоро в доступе.,Uskoro dostupno.,เร็วๆ นี้,Yakında geliyor.,Скоро буде доступно.,Sắp ra mắt.,即将推出。,即將推出
index_email_us,راسلنا عبر البريد الإلكتروني,আমাদের ইমেইল করুন,E-Mail an uns,Επικοινωνήστε μαζί μας,Email us,Envíanos un correo electrónico,به ما ایمیل بزنید,Contactez-nous par e-mail,"שלח לנו דוא""ל",हमें ईमेल करें,Írjon nekünk e-mailt,Email kami,Contattaci via email,メールでのお問い合わせ,이메일 문의,E-mel kami,ကျွန်ုပ်တို့ထံ အီးမေးလ်ပို့ပါ,Mail ons,Napisz do nas,Envie-nos um email,Trimiteți-ne un e-mail,Напишите нам,Pošaljite nam e-poštu,อีเมลถึงเรา,Bize e-posta gönderin,Напишіть нам,Gửi email cho chúng tôi,给我们发邮件,寄信給我們
index_language,اللغة,ভাষা,Sprache,Γλώσσα,Language,Idioma,زبان,Langue,שפה,भाषा,Nyelv,Bahasa,Lingua,言語,언어,Bahasa,ဘာသာစကား,Taal,Język,Idioma,Limbă,Язык,Jezik,ภาษา,Dil,Мова,Ngôn ngữ,语言,語言
index_video_title,"العد في الوقت الفعلي. رؤى كل ساعة.","রিয়েল-টাইম গণনা। প্রতি ঘণ্টায় তথ্য।","Echtzeit-Zählung. Stündliche Einblicke.","Καταμέτρηση σε πραγματικό χρόνο. Στοιχεία κάθε ώρα.","Real-time counting. Hourly insights.","Conteo en tiempo real. Información cada hora.","شمارش لحظه‌ای. گزارش‌های ساعتی.","Comptage en temps réel. Informations chaque heure.","ספירה בזמן אמת. תובנות בכל שעה.","रियल-टाइम गिनती। हर घंटे नई जानकारी।","Valós idejű számlálás. Óránkénti betekintések.","Penghitungan real-time. Insight setiap jam.","Conteggio in tempo reale. Dati aggiornati ogni ora.","リアルタイムでカウント。1時間ごとの分析。","실시간 집계. 매시간 새로운 인사이트.","Kiraan masa nyata. Cerapan setiap jam.","အချိန်နှင့်တပြေးညီ ရေတွက်။ နာရီတိုင်း အချက်အလက်။","Realtime tellen. Elk uur nieuwe inzichten.","Liczenie w czasie rzeczywistym. Dane co godzinę.","Contagem em tempo real. Insights a cada hora.","Numărare în timp real. Informații la fiecare oră.","Подсчет в реальном времени. Аналитика каждый час.","Brojanje u realnom vremenu. Uvidi svakog sata.","นับแบบเรียลไทม์ ข้อมูลอัปเดตทุกชั่วโมง","Gerçek zamanlı sayım. Saatlik içgörüler.","Підрахунок у реальному часі. Дані щогодини.","Đếm theo thời gian thực. Thông tin cập nhật mỗi giờ.","实时统计，每小时更新分析。","即時統計，每小時更新分析。"
index_video_desc,"يعدّ Piyuo Counter الأشخاص والمركبات في الوقت الفعلي، ثم ينشئ ملخصًا بسيطًا لحركة المرور كل 5 دقائق. تتم مزامنة هذه الملخصات كل ساعة لتزويدك ببيانات حديثة دون تحميل مستمر.","Piyuo Counter মানুষ ও যানবাহনকে রিয়েল-টাইমে গণনা করে, তারপর প্রতি ৫ মিনিটে একটি সহজ ট্রাফিক সারাংশ তৈরি করে। এই সারাংশগুলো প্রতি ঘণ্টায় সিঙ্ক হয়, যাতে আপনি সবসময় সর্বশেষ তথ্য পান, ধারাবাহিক আপলোড ছাড়াই।","Piyuo Counter zählt Personen und Fahrzeuge in Echtzeit und erstellt alle 5 Minuten eine leicht verständliche Verkehrszusammenfassung. Diese Zusammenfassungen werden jede Stunde synchronisiert, damit Sie aktuelle Einblicke ohne ständige Uploads erhalten.","Το Piyuo Counter μετρά άτομα και οχήματα σε πραγματικό χρόνο και δημιουργεί μια απλή σύνοψη κίνησης κάθε 5 λεπτά. Οι συνόψεις συγχρονίζονται κάθε ώρα, ώστε να έχετε πάντα ενημερωμένα στοιχεία χωρίς συνεχείς μεταφορτώσεις.","Piyuo Counter counts people and vehicles in real time, then creates a simple traffic summary every 5 minutes. These summaries are synced every hour, giving you fresh traffic insights without continuous uploads.","Piyuo Counter cuenta personas y vehículos en tiempo real y crea un resumen sencillo del tráfico cada 5 minutos. Estos resúmenes se sincronizan cada hora para ofrecerle información actualizada sin cargas continuas.","Piyuo Counter افراد و وسایل نقلیه را به‌صورت لحظه‌ای شمارش می‌کند و هر ۵ دقیقه یک خلاصه ساده از تردد ایجاد می‌کند. این خلاصه‌ها هر ساعت همگام‌سازی می‌شوند تا بدون بارگذاری مداوم، اطلاعاتی به‌روز در اختیار شما قرار دهند.","Piyuo Counter compte les personnes et les véhicules en temps réel, puis crée un résumé simple du trafic toutes les 5 minutes. Ces résumés sont synchronisés chaque heure pour vous fournir des informations toujours à jour, sans envois continus.","Piyuo Counter סופר אנשים וכלי רכב בזמן אמת, ולאחר מכן יוצר סיכום תנועה פשוט כל 5 דקות. הסיכומים מסתנכרנים בכל שעה כדי לספק לכם נתונים עדכניים ללא העלאות רציפות.","Piyuo Counter लोगों और वाहनों की रियल-टाइम गिनती करता है और हर 5 मिनट में एक सरल ट्रैफ़िक सारांश बनाता है। ये सारांश हर घंटे सिंक किए जाते हैं, ताकि लगातार अपलोड किए बिना आपको नवीनतम जानकारी मिलती रहे।","A Piyuo Counter valós időben számolja az embereket és a járműveket, majd 5 percenként egyszerű forgalmi összesítést készít. Ezek az összesítések óránként szinkronizálódnak, így folyamatos feltöltés nélkül is naprakész adatokat kap.","Piyuo Counter menghitung orang dan kendaraan secara real-time, lalu membuat ringkasan lalu lintas sederhana setiap 5 menit. Ringkasan ini disinkronkan setiap jam sehingga Anda selalu mendapatkan data terbaru tanpa unggahan terus-menerus.","Piyuo Counter conta persone e veicoli in tempo reale e crea un semplice riepilogo del traffico ogni 5 minuti. Questi riepiloghi vengono sincronizzati ogni ora, così avrai dati sempre aggiornati senza caricamenti continui.","Piyuo Counter は人や車両をリアルタイムでカウントし、5分ごとにわかりやすい人流サマリーを作成します。このサマリーは1時間ごとに同期されるため、継続的なアップロードを行わずに最新の分析を確認できます。","Piyuo Counter는 사람과 차량을 실시간으로 집계하고 5분마다 간단한 이동량 요약을 생성합니다. 이 요약은 매시간 동기화되어 지속적인 업로드 없이도 최신 통계를 제공합니다.","Piyuo Counter mengira orang dan kenderaan secara masa nyata, kemudian menghasilkan ringkasan trafik ringkas setiap 5 minit. Ringkasan ini disegerakkan setiap jam supaya anda sentiasa mendapat maklumat terkini tanpa muat naik berterusan.","Piyuo Counter သည် လူများနှင့် ယာဉ်များကို အချိန်နှင့်တပြေးညီ ရေတွက်ပြီး ၅ မိနစ်တိုင်း လမ်းသွားလာမှု အကျဉ်းချုပ်ကို ဖန်တီးပေးသည်။ ထိုအကျဉ်းချုပ်များကို နာရီတိုင်း စင့်ခ်လုပ်ပေးသောကြောင့် ဆက်တိုက် အပ်လုဒ်မလုပ်ဘဲ နောက်ဆုံးအချက်အလက်များကို ရရှိနိုင်သည်။","Piyuo Counter telt mensen en voertuigen in realtime en maakt elke 5 minuten een eenvoudig verkeersoverzicht. Deze overzichten worden elk uur gesynchroniseerd, zodat u actuele inzichten krijgt zonder voortdurend te uploaden.","Piyuo Counter liczy osoby i pojazdy w czasie rzeczywistym, a co 5 minut tworzy proste podsumowanie ruchu. Podsumowania są synchronizowane co godzinę, dzięki czemu zawsze masz aktualne dane bez ciągłego przesyłania.","O Piyuo Counter conta pessoas e veículos em tempo real e cria um resumo simples do fluxo a cada 5 minutos. Esses resumos são sincronizados a cada hora para fornecer informações atualizadas sem envios contínuos.","Piyuo Counter numără persoane și vehicule în timp real, apoi creează un rezumat simplu al traficului la fiecare 5 minute. Aceste rezumate sunt sincronizate în fiecare oră pentru a vă oferi informații actualizate fără încărcări continue.","Piyuo Counter считает людей и транспорт в реальном времени, а затем каждые 5 минут создает простую сводку трафика. Эти сводки синхронизируются каждый час, чтобы вы получали актуальные данные без постоянной загрузки.","Piyuo Counter broji ljude i vozila u realnom vremenu, a zatim na svakih 5 minuta pravi jednostavan sažetak saobraćaja. Ovi sažeci se sinhronizuju svakog sata, tako da uvek imate sveže podatke bez neprekidnog otpremanja.","Piyuo Counter นับคนและยานพาหนะแบบเรียลไทม์ จากนั้นสร้างสรุปข้อมูลการสัญจรแบบง่ายทุก 5 นาที สรุปเหล่านี้จะซิงก์ทุกชั่วโมง เพื่อให้คุณได้รับข้อมูลล่าสุดโดยไม่ต้องอัปโหลดอย่างต่อเนื่อง","Piyuo Counter insanları ve araçları gerçek zamanlı olarak sayar, ardından her 5 dakikada bir basit bir trafik özeti oluşturur. Bu özetler her saat senkronize edilir ve sürekli yükleme yapmadan güncel verilere ulaşmanızı sağlar.","Piyuo Counter рахує людей і транспорт у реальному часі, а потім кожні 5 хвилин створює просте зведення про трафік. Ці зведення синхронізуються щогодини, щоб ви завжди мали актуальні дані без безперервного завантаження.","Piyuo Counter đếm người và phương tiện theo thời gian thực, sau đó tạo bản tóm tắt lưu lượng đơn giản mỗi 5 phút. Các bản tóm tắt này được đồng bộ mỗi giờ, giúp bạn luôn có dữ liệu mới mà không cần tải lên liên tục.","Piyuo Counter 实时统计人员和车辆，每 5 分钟生成一份简洁的客流摘要。这些摘要每小时同步一次，让您无需持续上传也能获得最新客流数据。","Piyuo Counter 即時統計人員與車輛，每 5 分鐘產生一份簡單的人流摘要。這些摘要會每小時同步一次，讓您不必持續上傳，也能取得最新的人流分析。"
privacy,الخصوصية,গোপনীয়তা,Datenschutz,Απόρρητο,Privacy Policy,Privacidad,حریم خصوصی,Confidentialité,פרטיות,निजता नीति,Adatvédelem,Privasi,Privacy,プライバシー,개인정보 보호,Privasi,ကိုယ်ရေးအချက်အလက်,Privacy,Prywatność,Privacidade,Confidențialitate,Конфиденциальность,Приватност,ความเป็นส่วนตัว,Gizlilik,Конфіденційність,Quyền riêng tư,隐私政策,隱私政策
terms,شروط الخدمة,পরিষেবার শর্তাবলী,Nutzungsbedingungen,Όροι Υπηρεσίας,Terms of Service,Términos de servicio,شرایط خدمات,Conditions d'utilisation,תנאי שירות,सेवा शर्तें,Szolgáltatási feltételek,Ketentuan Layanan,Termini di servizio,利用規約,서비스 약관,Terma Perkhidmatan,ဝန်ဆောင်မှုစည်းကမ်းချက်များ,Servicevoorwaarden,Warunki korzystania,Termos de serviço,Termeni de utilizare,Условия использования,Uslovi korišćenja,ข้อกำหนดการให้บริการ,Hizmet Şartları,Умови надання послуг,Điều khoản dịch vụ,服务条款,服務條款
dpa,"اتفاقية معالجة البيانات (DPA)","ডেটা প্রক্রিয়াকরণ চুক্তি (DPA)","Vereinbarung zur Datenverarbeitung (DPA)","Συμφωνία Επεξεργασίας Δεδομένων (DPA)","Data Processing Agreement (DPA)","Acuerdo de procesamiento de datos (DPA)","توافق‌نامه پردازش داده‌ها (DPA)","Accord de traitement des données (DPA)","הסכם עיבוד נתונים (DPA)","डेटा प्रोसेसिंग एग्रीमेंट (DPA)","Adatfeldolgozási megállapodás (DPA)","Perjanjian Pemrosesan Data (DPA)","Accordo sul trattamento dei dati (DPA)","データ処理契約（DPA）","데이터 처리 계약(DPA)","Perjanjian Pemprosesan Data (DPA)","ဒေတာ ကိုင်တွယ်မှု သဘောတူညီချက် (DPA)","Verwerkersovereenkomst (DPA)","Umowa przetwarzania danych (DPA)","Acordo de Processamento de Dados (DPA)","Acord de prelucrare a datelor (DPA)","Соглашение об обработке данных (DPA)","Ugovor o obradi podataka (DPA)","ข้อตกลงการประมวลผลข้อมูล (DPA)","Veri İşleme Sözleşmesi (DPA)","Угода про обробку даних (DPA)","Thỏa thuận xử lý dữ liệu (DPA)","数据处理协议（DPA）","資料處理協議（DPA）"
